<?xml version="1.0" encoding="utf-8"?>
<edmx:Edmx Version="1.0"
	xmlns:edmx="http://schemas.microsoft.com/ado/2007/06/edmx"
	xmlns:m="http://schemas.microsoft.com/ado/2007/08/dataservices/metadata"
	xmlns:sap="http://www.sap.com/Protocols/SAPData">
	<edmx:DataServices m:DataServiceVersion="2.0">
		<Schema Namespace="EPM_REF_APPS_PROD_MAN_SRV"
			sap:schema-version="1" xmlns="http://schemas.microsoft.com/ado/2008/09/edm">
			<EntityType Name="Product">
				<Key>
					<PropertyRef Name="ProductId"/>
				</Key>
				<Property Name="ProductId" Type="Edm.String"/>
				<Property Name="Price" Type="Edm.String"
					sap:unit="CurrencyCode" MaxLength="3" sap:label="Price"
					sap:updatable="true"/>
				<Property Name="CurrencyCode" Type="Edm.String"
					MaxLength="3" sap:label="Currency" sap:semantics="currency-code"
					sap:updatable="true"/>
			</EntityType>
			<EntityType Name="Currency">
				<Key>
					<PropertyRef Name="CURR"/>
				</Key>
				<Property Name="CURR" Type="Edm.String" MaxLength="4"
					sap:display-format="UpperCase" sap:text="DESCR" sap:label="Currency Code"
					sap:filterable="false"/>
				<Property Name="DESCR" Type="Edm.String" MaxLength="25"
					sap:label="Description"/>
			</EntityType>
			<EntityContainer m:IsDefaultEntityContainer="true"
				sap:supported-formats="atom json">
				<EntitySet Name="Products" EntityType="EPM_REF_APPS_PROD_MAN_SRV.Product"/>
				<EntitySet Name="Currency" EntityType="EPM_REF_APPS_PROD_MAN_SRV.Currency"/>
			</EntityContainer>
			<Annotations Target="EPM_REF_APPS_PROD_MAN_SRV.Product/CurrencyCode"
				xmlns="http://docs.oasis-open.org/odata/ns/edm">
				<Annotation Term="com.sap.vocabularies.Common.v1.ValueList">
					<Record>
						<PropertyValue Property="Label" String="Currency"/>
						<PropertyValue Property="CollectionPath" String="Currency"/>
						<PropertyValue Property="SearchSupported" Bool="true"/>
						<PropertyValue Property="Parameters">
							<Collection>
								<Record Type="com.sap.vocabularies.Common.v1.ValueListParameterOut">
									<PropertyValue Property="LocalDataProperty"
										PropertyPath="CurrencyCode"/>
									<PropertyValue Property="ValueListProperty"
										String="CURR"/>
								</Record>
								<Record
									Type="com.sap.vocabularies.Common.v1.ValueListParameterDisplayOnly">
									<PropertyValue Property="ValueListProperty"
										String="DESCR"/>
								</Record>
							</Collection>
						</PropertyValue>
					</Record>
				</Annotation>
			</Annotations>
		</Schema>
	</edmx:DataServices>
</edmx:Edmx>
