<mvc:View
	controllerName="sap.ui.demo.smartControls.SmartFieldWithValueHelp"
	xmlns="sap.m"
	xmlns:mvc="sap.ui.core.mvc"
	xmlns:smartForm="sap.ui.comp.smartform"
	xmlns:sap.ui.layout="sap.ui.layout"
	xmlns:smartField="sap.ui.comp.smartfield">
	<smartForm:SmartForm editable="true">
		<smartForm:layout>
			<smartForm:ColumnLayout 
				emptyCellsLarge="4"
				labelCellsLarge="4"
				columnsM="1"
				columnsL="1"
				columnsXL="1"/>
		</smartForm:layout>
		<smartForm:Group>
			<smartForm:GroupElement>
				<smartField:SmartField value="{Price}" id="idPrice"/>
			</smartForm:GroupElement>
		</smartForm:Group>
	</smartForm:SmartForm>
</mvc:View>
